{
  "step_1_loss": 1.7053511142730713,
  "step_5_loss": 1.487168788909912,
  "perplexity": 4.424550931529599,
  "training_time": 1.6330351829528809,
  "throughput": 24.494267127589588
}