{
  "step_1_loss": 1.6559460163116455,
  "step_5_loss": 1.53970468044281,
  "perplexity": 4.663212929642754,
  "throughput": 34.29055418479585,
  "training_time": 1.1665019989013672,
  "peak_memory_mb": 2154.671875
}