{
  "step_1_loss": 1.626810073852539,
  "step_5_loss": 1.5535575151443481,
  "perplexity": 4.728261158484209,
  "throughput": 11.765522337023281,
  "compilation_time": 0.7603969573974609,
  "training_time": 1.6998820304870605,
  "peak_memory_mb": 3890.140625
}