{
  "step_1_loss": 1.637459397315979,
  "final_loss": 1.5299177169799805,
  "perplexity": 4.6177968403971015,
  "throughput": 20.117887842030868,
  "training_time": 0.4970700740814209
}