{
  "final_loss": 1.572939395904541,
  "perplexity": 4.820797620987086,
  "throughput": 70.38365720659411
}