{
  "step_1_loss": 1.7053511142730713,
  "step_5_loss": 1.487168788909912,
  "perplexity": 4.424550931529599,
  "throughput": 23.851037919776132
}