{
  "step_1_loss": 1.6374590396881104,
  "final_loss": 1.529916524887085,
  "perplexity": 4.617791335557576,
  "throughput": 6.3300636914605874,
  "training_time": 1.5797629356384277
}