{
  "step_1_loss": 1.626810073852539,
  "step_5_loss": 1.5535577535629272,
  "perplexity": 4.728262285789651,
  "throughput": 23.53998546957436,
  "compilation_time": 4.198823928833008,
  "training_time": 0.8496181964874268,
  "peak_memory_mb": 2115.11328125
}