{
  "step_1_loss": 1.4994577169418335,
  "step_5_loss": 1.4994577169418335,
  "perplexity": 4.479259385131354,
  "throughput": 23.330399862219334
}