{
  "final_loss": 1.6096080541610718,
  "perplexity": 5.00085078100948,
  "throughput": 13.44817102178893,
  "training_time": 2.974382162094116,
  "peak_memory_mb": 3091.546875
}