{
  "step_1_loss": 1.6481908559799194,
  "final_loss": 1.4968236684799194,
  "perplexity": 4.467476324226941,
  "throughput": 14.231753103427215,
  "training_time": 0.7026541233062744
}