{
  "step_1_loss": 1.6268101930618286,
  "step_5_loss": 1.5535578727722168,
  "perplexity": 4.728262849442472,
  "throughput": 38.45734331648081,
  "training_time": 0.5200567245483398,
  "peak_memory_mb": 3283.046875
}