{
  "final_loss": 1.6096082925796509,
  "perplexity": 5.00085197330536,
  "throughput": 34.22614752611809,
  "training_time": 1.1686971187591553,
  "peak_memory_mb": 2114.828125
}