{
  "final_loss": 1.6053310632705688,
  "perplexity": 4.979507862044204,
  "throughput": 20.96162611247491,
  "training_time": 0.4770622253417969
}