{
  "step_1_loss": 1.7005832195281982,
  "step_5_loss": 1.4889414310455322,
  "perplexity": 4.432401032596397,
  "throughput": 60.28844976465905,
  "training_time": 2.6539080142974854,
  "peak_memory_mb": 2114.828125
}