{
  "step_1_loss": 1.6481910943984985,
  "final_loss": 1.4968271255493164,
  "perplexity": 4.467491768629319,
  "throughput": 38.30292182441657,
  "training_time": 0.522153377532959
}