{
  "step_1_loss": 1.4106416702270508,
  "final_loss": 1.4106416702270508,
  "perplexity": 4.098584500121418,
  "throughput": 29.856448158790055,
  "training_time": 2.679488182067871
}