{
  "step_1_loss": 1.626810073852539,
  "step_5_loss": 1.5535577535629272,
  "perplexity": 4.728262285789651,
  "throughput": 16.80127206133742,
  "training_time": 1.1903860569000244,
  "peak_memory_mb": 2114.828125
}