{
  "step_1_loss": 1.6268099546432495,
  "step_5_loss": 1.5535575151443481,
  "perplexity": 4.728261158484209,
  "throughput": 5.900175395815189,
  "compilation_time": 5.028411149978638,
  "training_time": 3.3897297382354736,
  "peak_memory_mb": 5642.265625
}