{
  "step_1_loss": 1.6727274656295776,
  "step_5_loss": 1.480581283569336,
  "perplexity": 4.395499970375384,
  "throughput": 11.28176388917748,
  "compilation_time": 1.5884747505187988,
  "training_time": 3.5455448627471924,
  "peak_memory_mb": 2504.84375
}