{
  "step_1_loss": 1.6697638034820557,
  "step_5_loss": 1.4588170051574707,
  "perplexity": 4.300868612288472,
  "training_time": 2.6337199211120605,
  "throughput": 15.18764378830017
}