{
  "step_1_loss": 1.7053508758544922,
  "step_5_loss": 1.4871692657470703,
  "perplexity": 4.424553041320395,
  "throughput": 12.137716050843043
}