{
  "step_1_loss": 1.6646480560302734,
  "step_5_loss": 1.4650757312774658,
  "perplexity": 4.327870983088683,
  "training_time": 1.614664077758789,
  "throughput": 24.772954666534364
}