{
  "step_0_loss": 1.7884042263031006,
  "step_1_loss": 1.580974817276001,
  "final_loss": 1.580974817276001,
  "perplexity": 4.859690813542513,
  "throughput": 49.77909014358814,
  "training_time": 3.214200973510742,
  "peak_memory_mb": 2198.1015625
}