{
  "step_1_loss": 1.6425877809524536,
  "step_5_loss": 1.523697853088379,
  "perplexity": 4.589163911340956,
  "throughput": 12.000004577638466,
  "training_time": 3.333332061767578,
  "peak_memory_mb": 2529.765625
}