{
  "step_1_loss": 1.396368145942688,
  "step_5_loss": 1.396368145942688,
  "perplexity": 4.040498784825152,
  "throughput": 25.949825312300277
}