{
  "step_1_loss": 1.6481908559799194,
  "final_loss": 1.4968236684799194,
  "perplexity": 4.467476324226941,
  "throughput": 29.89215302333222,
  "training_time": 0.6690719127655029
}