{
  "step_1_loss": 1.626810073852539,
  "step_5_loss": 1.5535577535629272,
  "perplexity": 4.728262285789651,
  "throughput": 20.11008442362941,
  "compilation_time": 4.151586055755615,
  "training_time": 0.9945259094238281,
  "peak_memory_mb": 8921.828125
}