{
  "step_1_loss": 1.6559464931488037,
  "step_5_loss": 1.53970468044281,
  "perplexity": 4.663212929642754,
  "throughput": 13.829619337972273,
  "training_time": 2.8923428058624268,
  "peak_memory_mb": 2604.609375
}