{
  "step_1_loss": 1.626810073852539,
  "step_5_loss": 1.5535575151443481,
  "perplexity": 4.728261158484209,
  "throughput": 12.086760164649279,
  "compilation_time": 0.78932785987854,
  "training_time": 1.654703140258789,
  "peak_memory_mb": 2963.84375
}