{
  "step_0_loss": 1.7940921783447266,
  "step_1_loss": 1.7005832195281982,
  "final_loss": 1.4889414310455322,
  "perplexity": 4.432401032596397,
  "throughput": 57.41156300942289,
  "training_time": 2.7868950366973877,
  "peak_memory_mb": 1891.40625
}