{
  "step_1_loss": 1.7053508758544922,
  "step_5_loss": 1.4871692657470703,
  "perplexity": 4.424553041320395,
  "training_time": 3.12603497505188,
  "throughput": 12.795762145731002
}