{
  "step_1_loss": 1.6481908559799194,
  "final_loss": 1.4968236684799194,
  "perplexity": 4.467476324226941,
  "throughput": 25.939056910890894,
  "training_time": 0.7710380554199219
}