{
  "step_1_loss": 1.6374590396881104,
  "final_loss": 1.5299166440963745,
  "perplexity": 4.617791886041234,
  "throughput": 19.006521292875426,
  "training_time": 0.5261352062225342
}