{
  "step_0_loss": 1.7916045188903809,
  "step_1_loss": 1.5792900323867798,
  "final_loss": 1.5792900323867798,
  "perplexity": 4.8515101731383,
  "throughput": 56.32564343652672,
  "training_time": 5.681248903274536,
  "peak_memory_mb": 2198.1015625
}