{
  "step_1_loss": 1.626810073852539,
  "step_5_loss": 1.5535577535629272,
  "perplexity": 4.728262285789651,
  "throughput": 15.377494903870126,
  "compilation_time": 5.442992925643921,
  "training_time": 1.3006019592285156,
  "peak_memory_mb": 531.953125
}