{
  "step_1_loss": 1.626810073852539,
  "step_5_loss": 1.5535577535629272,
  "perplexity": 4.728262285789651,
  "throughput": 7.158816406053319,
  "training_time": 2.793757915496826,
  "peak_memory_mb": 2604.609375
}