{
  "step_1_loss": 1.7006936073303223,
  "step_5_loss": 1.491088628768921,
  "perplexity": 4.441928499019342,
  "throughput": 23.54521508642654
}