{
  "step_1_loss": 1.664648413658142,
  "step_5_loss": 1.4650650024414062,
  "training_time": 1.8867640495300293,
  "throughput": 21.200319144284908
}