{
  "step_1_loss": 1.4841303825378418,
  "step_5_loss": 1.2147328853607178,
  "training_time": 10.224247217178345,
  "throughput": 3.9122684683126305
}