{
  "step_1_loss": 1.626810073852539,
  "step_5_loss": 1.5535577535629272,
  "perplexity": 4.728262285789651,
  "throughput": 7.283583499520367,
  "compilation_time": 1.3527443408966064,
  "training_time": 2.745901107788086,
  "peak_memory_mb": 2192.6875
}