{
  "step_1_loss": 1.637821078300476,
  "step_5_loss": 1.4634555578231812,
  "perplexity": 4.3208647585903766,
  "throughput": 48.4446967823904,
  "training_time": 3.3027350902557373,
  "peak_memory_mb": 3091.546875
}