{
  "step_1_loss": 1.6268099546432495,
  "step_5_loss": 1.5535575151443481,
  "perplexity": 4.728261158484209,
  "throughput": 6.052473188289414,
  "training_time": 3.304434299468994,
  "peak_memory_mb": 6563.390625
}