{
  "step_1_loss": 1.6481910943984985,
  "final_loss": 1.4968271255493164,
  "perplexity": 4.467491768629319,
  "throughput": 19.06007122696791,
  "training_time": 0.5246570110321045
}