{
  "final_loss": 1.5771090984344482,
  "perplexity": 4.840940879536634,
  "throughput": 42.16907149434362
}