{
  "step_1_loss": 1.7006936073303223,
  "step_5_loss": 1.4910888671875,
  "perplexity": 4.441929558057749,
  "throughput": 14.118132162427873
}