{
  "step_1_loss": 1.626810073852539,
  "step_5_loss": 1.5535577535629272,
  "perplexity": 4.728262285789651,
  "throughput": 23.275975401618823,
  "compilation_time": 4.069467782974243,
  "training_time": 0.8592550754547119,
  "peak_memory_mb": 2114.828125
}