{
  "step_1_loss": 1.626810073852539,
  "step_5_loss": 1.5535577535629272,
  "perplexity": 4.728262285789651,
  "throughput": 6.620100460713917,
  "compilation_time": 1.1097171306610107,
  "training_time": 3.0211021900177,
  "peak_memory_mb": 568.359375
}