{
  "step_1_loss": 1.626810073852539,
  "step_5_loss": 1.5535577535629272,
  "perplexity": 4.728262285789651,
  "throughput": 21.311621511897616,
  "compilation_time": 4.128812074661255,
  "training_time": 0.9384551048278809,
  "total_memory_mb": 8391.859375
}