{
  "step_1_loss": 1.7237417697906494,
  "step_5_loss": 1.458416223526001,
  "perplexity": 4.299145248518641,
  "training_time": 3.61977481842041,
  "throughput": 5.52520557307141
}