{
  "step_1_loss": 1.626810073852539,
  "step_5_loss": 1.5535577535629272,
  "perplexity": 4.728262285789651,
  "throughput": 6.823241719163103,
  "training_time": 2.9311580657958984,
  "peak_memory_mb": 2529.765625
}