{
  "step_1_loss": 1.7047038078308105,
  "step_5_loss": 1.5071605443954468,
  "perplexity": 4.51389557433236,
  "training_time": 3.360011100769043,
  "throughput": 11.90472257393577
}