{
  "step_1_loss": 1.6559460163116455,
  "step_5_loss": 1.53970468044281,
  "perplexity": 4.663212929642754,
  "throughput": 36.52099598267686,
  "compilation_time": 4.060102701187134,
  "training_time": 1.0952603816986084,
  "peak_memory_mb": 2114.828125
}