{
  "step_0_loss": 1.7916045188903809,
  "step_1_loss": 1.5792900323867798,
  "final_loss": 1.5792900323867798,
  "perplexity": 4.8515101731383,
  "throughput": 55.88226271453331,
  "training_time": 5.726325035095215,
  "peak_memory_mb": 2198.1015625
}