{
  "step_1_loss": 1.6268101930618286,
  "step_5_loss": 1.5535578727722168,
  "perplexity": 4.728262849442472,
  "throughput": 37.55353834073561,
  "training_time": 0.5325729846954346,
  "peak_memory_mb": 2488.8125
}