{
  "final_loss": 1.605330467224121,
  "perplexity": 4.979504894027116,
  "throughput": 19.588567158602654,
  "training_time": 0.5105018615722656
}