{
  "step_1_loss": 1.626810073852539,
  "step_5_loss": 1.5535577535629272,
  "perplexity": 4.728262285789651,
  "throughput": 14.398238283184307,
  "compilation_time": 4.17519211769104,
  "training_time": 1.3890588283538818,
  "peak_memory_mb": 2114.828125
}