{
  "step_0_loss": 1.79160475730896,
  "step_1_loss": 1.5792893171310425,
  "final_loss": 1.5792893171310425,
  "perplexity": 4.851506703069055,
  "throughput": 52.53669518552261,
  "training_time": 6.090980768203735,
  "peak_memory_mb": 2460.23828125
}