{
  "final_loss": 1.5729403495788574,
  "perplexity": 4.820802218460154,
  "throughput": 45.18070027702681
}