{
  "step_1_loss": 1.626810073852539,
  "step_5_loss": 1.5535577535629272,
  "perplexity": 4.728262285789651,
  "throughput": 22.216005063653192,
  "training_time": 0.9002518653869629,
  "peak_memory_mb": 2154.671875
}