{
  "step_1_loss": 1.626810073852539,
  "step_5_loss": 1.5535577535629272,
  "perplexity": 4.728262285789651,
  "throughput": 39.75979958494119,
  "training_time": 1.0060412883758545,
  "peak_memory_mb": 2154.671875
}