{
  "step_0_loss": 1.7388954162597656,
  "step_1_loss": 1.637821078300476,
  "final_loss": 1.4634555578231812,
  "perplexity": 4.3208647585903766,
  "throughput": 49.509484830740874,
  "training_time": 3.231703996658325,
  "peak_memory_mb": 2649.6875
}