{
  "step_1_loss": 1.648190975189209,
  "final_loss": 1.4968235492706299,
  "perplexity": 4.467475791662293,
  "throughput": 13.077177660723592,
  "training_time": 1.5293819904327393
}