{
  "final_loss": 1.572939157485962,
  "perplexity": 4.820796471619505,
  "throughput": 51.367829584819056
}