{
  "step_1_loss": 1.626810073852539,
  "step_5_loss": 1.5535575151443481,
  "perplexity": 4.728261158484209,
  "throughput": 7.638844698463254,
  "compilation_time": 1.510728120803833,
  "training_time": 2.618196964263916,
  "peak_memory_mb": 1866.171875
}