{
  "step_1_loss": 1.626810073852539,
  "step_5_loss": 1.5535575151443481,
  "perplexity": 4.728261158484209,
  "throughput": 11.895382110035086,
  "training_time": 1.6813247203826904,
  "peak_memory_mb": 3171.375
}