{
  "step_1_loss": 1.6268101930618286,
  "step_5_loss": 1.5535578727722168,
  "perplexity": 4.728262849442472,
  "throughput": 37.94409306032574,
  "compilation_time": 2.488604784011841,
  "training_time": 0.5270912647247314,
  "peak_memory_mb": 2547.5
}