{
  "step_0_loss": 1.7884042263031006,
  "step_1_loss": 1.5809742212295532,
  "final_loss": 1.5809742212295532,
  "perplexity": 4.85968791694193,
  "throughput": 36.524794474479535,
  "training_time": 4.3805859088897705,
  "peak_memory_mb": 2460.23828125
}