{
  "step_1_loss": 1.4106415510177612,
  "final_loss": 1.4106415510177612,
  "perplexity": 4.0985840115321,
  "throughput": 38.67213621673728,
  "training_time": 2.0686728954315186
}